{
    "min_reach": 0.010126630255847835,
    "max_reach": 1.2519790239865016,
    "z_at_max_reach": 1.0925989151000977,
    "reach_at_midpoint_z": 1.1711241203603868
}