{
    "max_reach": 1.2522511160229164,
    "min_reach": 0.01222685731370649
}