{
    "max_reach": 1.263656062023312,
    "min_reach": 0.01661994913651629
}