{
    "policy": "MlpPolicy",
    "learning_rate": 0.0004,
    "n_steps": 1024,
    "batch_size": 128,
    "n_epochs": 12,
    "gamma": 0.995,
    "gae_lambda": 0.9617716011419803,
    "clip_range": 0.1843292572202595,
    "ent_coef": 0.005586898837600647,
    "vf_coef": 0.3628968445174776,
    "max_grad_norm": 0.8423585750118121,
    "angle_bonus_factor": 13.584243839808694,
    "net_arch_size": "medium"
}